학습,평가,정규화,모델,MAE,RMSE,NASA,F1,Precision,Recall
FD001,FD001,같은 데이터(기준),LSTM 회귀,10.85,14.85,287.9,0.96,0.96,0.96
FD001,FD001,같은 데이터(기준),RandomForest 회귀,14.19,19.87,1275.8,0.818,0.947,0.72
FD001,FD001,같은 데이터(기준),RandomForest 분류,,,,0.844,0.95,0.76
FD001,FD004,A: 원래 기준 그대로,LSTM 회귀,44.61,54.05,225985.6,0.172,1.0,0.094
FD001,FD004,A: 원래 기준 그대로,RandomForest 회귀,45.8,53.74,124993.6,0.0,0.0,0.0
FD001,FD004,A: 원래 기준 그대로,RandomForest 분류,,,,0.352,0.214,1.0
FD001,FD004,B: 운전조건 보정,LSTM 회귀,29.13,36.1,27104.4,0.353,0.8,0.226
FD001,FD004,B: 운전조건 보정,RandomForest 회귀,27.21,36.38,19115.8,0.792,0.884,0.717
FD001,FD004,B: 운전조건 보정,RandomForest 분류,,,,0.838,0.846,0.83
FD004,FD001,A: 원래 기준 그대로,LSTM 회귀,11.28,14.87,431.2,0.936,1.0,0.88
FD004,FD001,A: 원래 기준 그대로,RandomForest 회귀,16.11,20.94,1233.0,0.762,0.941,0.64
FD004,FD001,A: 원래 기준 그대로,RandomForest 분류,,,,0.818,0.947,0.72
FD004,FD001,B: 운전조건 보정,LSTM 회귀,20.64,27.27,7503.2,0.78,1.0,0.64
FD004,FD001,B: 운전조건 보정,RandomForest 회귀,22.12,27.67,4120.3,0.595,0.917,0.44
FD004,FD001,B: 운전조건 보정,RandomForest 분류,,,,0.732,0.938,0.6
FD004,FD004,같은 데이터(기준),LSTM 회귀,18.7,25.84,4280.7,0.914,0.923,0.906
FD004,FD004,같은 데이터(기준),RandomForest 회귀,21.81,29.07,7139.1,0.88,0.936,0.83
FD004,FD004,같은 데이터(기준),RandomForest 분류,,,,0.881,0.857,0.906
