model,type,val_MAE,val_RMSE,test_MAE,test_RMSE,test_NASA,seconds
GRU (04번),시계열,7.82,13.7,17.31,25.21,4165.2,
LSTM (MathWorks 원형),시계열,8.06,14.27,18.7,25.84,4280.7,1028.0
MLP (신경망 64-32),표 형태,10.96,17.63,21.41,28.55,7750.8,45.0
ExtraTrees,표 형태,11.45,17.9,21.72,29.0,6471.3,38.0
RandomForest (03번),표 형태,11.56,18.2,21.81,29.07,7139.1,
HistGradientBoosting,표 형태,11.16,17.72,22.0,29.42,7753.0,3.0
1D-CNN (30사이클 창),시계열,11.26,19.8,23.04,30.2,16283.3,60.0
Ridge (선형회귀),표 형태,13.08,18.44,25.38,32.16,8547.9,0.0
"베이스라인 (02번, 센서 미사용)",기준,28.13,44.06,47.42,59.01,3063392.3,
