model,val_MAE,test_MAE,val_TP,val_FN,val_FP,val_TN,val_미탐율,val_오탐율,val_헛경보비율,test_TP,test_FN,test_FP,test_TN,test_미탐율,test_오탐율,test_헛경보비율
GRU (04번),7.02,9.63,785,35,52,2980,0.043,0.017,0.062,27,1,1,71,0.036,0.014,0.036
LSTM (MathWorks 원형),10.05,10.85,769,51,44,2988,0.062,0.015,0.054,28,0,1,71,0.0,0.014,0.034
1D-CNN (30사이클 창),12.6,13.7,701,119,68,2964,0.145,0.022,0.088,25,3,1,71,0.107,0.014,0.038
HistGradientBoosting,11.44,13.22,695,125,51,2981,0.152,0.017,0.068,24,4,0,72,0.143,0.0,0.0
MLP (신경망 64-32),11.69,15.72,690,130,62,2970,0.159,0.02,0.082,23,5,4,68,0.179,0.056,0.148
ExtraTrees,11.78,13.49,674,146,29,3003,0.178,0.01,0.041,22,6,0,72,0.214,0.0,0.0
RandomForest (03번),11.9,14.19,671,149,34,2998,0.182,0.011,0.048,23,5,0,72,0.179,0.0,0.0
Ridge (선형회귀),15.46,16.55,493,327,5,3027,0.399,0.002,0.01,16,12,0,72,0.429,0.0,0.0
"베이스라인 (02번, 센서 미사용)",14.68,28.08,454,366,92,2940,0.446,0.03,0.168,13,15,9,63,0.536,0.125,0.409
