model,cost_ratio,N,cost_per_1000_cycles,failure_rate,avg_wasted_cycles
GRU (04번),1:5 (de Pater 2022),10,25.595222640529663,0.98225,1.408450704225352
GRU (04번),1:2 (Lee & Mitici 2023),10,10.293392184863041,0.98225,1.408450704225352
GRU (04번),1:5 (de Pater 2022),15,20.422062925840198,0.72825,3.655933762649494
GRU (04번),1:2 (Lee & Mitici 2023),15,9.019787950826302,0.72825,3.655933762649494
GRU (04번),1:5 (de Pater 2022),20,12.359992766957761,0.331,6.837070254110613
GRU (04번),1:2 (Lee & Mitici 2023),20,7.078808249922883,0.331,6.837070254110613
GRU (04번),1:5 (de Pater 2022),25,7.45564972720722,0.0895,11.48407468423943
GRU (04번),1:2 (Lee & Mitici 2023),25,5.981539306179871,0.0895,11.48407468423943
GRU (04번),1:5 (de Pater 2022),30,5.78105798452068,0.0055,15.903217697335345
GRU (04번),1:2 (Lee & Mitici 2023),30,5.68772387811697,0.0055,15.903217697335345
GRU (04번),1:5 (de Pater 2022),35,5.84316933504733,0.0,21.46
GRU (04번),1:2 (Lee & Mitici 2023),35,5.84316933504733,0.0,21.46
GRU (04번),1:5 (de Pater 2022),40,5.963384817222256,0.0,24.91
GRU (04번),1:2 (Lee & Mitici 2023),40,5.963384817222256,0.0,24.91
GRU (04번),1:5 (de Pater 2022),45,6.075703262652652,0.0,28.01
GRU (04번),1:2 (Lee & Mitici 2023),45,6.075703262652652,0.0,28.01
GRU (04번),1:5 (de Pater 2022),50,6.2000124000248,0.0,31.31
GRU (04번),1:2 (Lee & Mitici 2023),50,6.2000124000248,0.0,31.31
GRU (04번),1:5 (de Pater 2022),55,6.287726358148894,0.0,33.56
GRU (04번),1:2 (Lee & Mitici 2023),55,6.287726358148894,0.0,33.56
GRU (04번),1:5 (de Pater 2022),60,6.693888479817926,0.0,43.21
GRU (04번),1:2 (Lee & Mitici 2023),60,6.693888479817926,0.0,43.21
GRU (04번),1:5 (de Pater 2022),65,6.861534239055853,0.0,46.86
GRU (04번),1:2 (Lee & Mitici 2023),65,6.861534239055853,0.0,46.86
GRU (04번),1:5 (de Pater 2022),70,8.170602173380178,0.0,70.21
GRU (04번),1:2 (Lee & Mitici 2023),70,8.170602173380178,0.0,70.21
GRU (04번),1:5 (de Pater 2022),75,9.790483649892305,0.0,90.46
GRU (04번),1:2 (Lee & Mitici 2023),75,9.790483649892305,0.0,90.46
GRU (04번),1:5 (de Pater 2022),80,10.071507704703395,0.0,93.31
GRU (04번),1:2 (Lee & Mitici 2023),80,10.071507704703395,0.0,93.31
RandomForest (03번),1:5 (de Pater 2022),10,25.089247335566085,0.9575,2.052941176470588
RandomForest (03번),1:2 (Lee & Mitici 2023),10,10.168157693451473,0.9575,2.052941176470588
RandomForest (03번),1:5 (de Pater 2022),15,19.886196601577048,0.70125,4.2217573221757325
RandomForest (03번),1:2 (Lee & Mitici 2023),15,8.891298809049395,0.70125,4.2217573221757325
RandomForest (03번),1:5 (de Pater 2022),20,15.748986999831166,0.49625,6.082382133995037
RandomForest (03번),1:2 (Lee & Mitici 2023),20,7.89427865946311,0.49625,6.082382133995037
RandomForest (03번),1:5 (de Pater 2022),25,11.818522283451928,0.30225,8.154783231816554
RandomForest (03번),1:2 (Lee & Mitici 2023),25,6.967256968594511,0.30225,8.154783231816554
RandomForest (03번),1:5 (de Pater 2022),30,9.858582774198648,0.202,11.536967418546366
RandomForest (03번),1:2 (Lee & Mitici 2023),30,6.554212662935164,0.202,11.536967418546366
RandomForest (03번),1:5 (de Pater 2022),35,7.758929771881863,0.09625,15.597233748271092
RandomForest (03번),1:2 (Lee & Mitici 2023),35,6.141318962040066,0.09625,15.597233748271092
RandomForest (03번),1:5 (de Pater 2022),40,6.975427078758178,0.05175,20.631689955180597
RandomForest (03번),1:2 (Lee & Mitici 2023),40,6.078214937931991,0.05175,20.631689955180597
RandomForest (03번),1:5 (de Pater 2022),45,7.041697162303368,0.04525,26.064152919612464
RandomForest (03번),1:2 (Lee & Mitici 2023),45,6.232289550294324,0.04525,26.064152919612464
RandomForest (03번),1:5 (de Pater 2022),50,6.507817317143154,0.0165,29.280122013218097
RandomForest (03번),1:2 (Lee & Mitici 2023),50,6.205625049602266,0.0165,29.280122013218097
RandomForest (03번),1:5 (de Pater 2022),55,6.614411978462524,0.0145,33.12658548959919
RandomForest (03번),1:2 (Lee & Mitici 2023),55,6.342458366871674,0.0145,33.12658548959919
RandomForest (03번),1:5 (de Pater 2022),60,6.444453996500763,0.003,35.67276830491475
RandomForest (03번),1:2 (Lee & Mitici 2023),60,6.387141658587219,0.003,35.67276830491475
RandomForest (03번),1:5 (de Pater 2022),65,6.471196073366055,0.0005,37.77888944472236
RandomForest (03번),1:2 (Lee & Mitici 2023),65,6.461508654094549,0.0005,37.77888944472236
RandomForest (03번),1:5 (de Pater 2022),70,6.5623158032615105,0.0005,39.92996498249124
RandomForest (03번),1:2 (Lee & Mitici 2023),70,6.552491977208724,0.0005,39.92996498249124
RandomForest (03번),1:5 (de Pater 2022),75,6.770939129257228,0.0,44.91
RandomForest (03번),1:2 (Lee & Mitici 2023),75,6.770939129257228,0.0,44.91
RandomForest (03번),1:5 (de Pater 2022),80,7.275902211874272,0.0,55.16
RandomForest (03번),1:2 (Lee & Mitici 2023),80,7.275902211874272,0.0,55.16
