,importance
s4_mean15,0.5803914673552356
s9_mean15,0.0806660118018716
s3_mean15,0.061479940409630174
s11_mean15,0.03844217121174574
s21_mean15,0.03122438435184366
s15_mean15,0.016309212604514973
s2_mean15,0.01332729419130037
s14_mean15,0.011959356123173748
s11_slope15,0.010788307007152154
s17_mean15,0.009407963344895843
s8_slope15,0.008637912747225373
s12_slope15,0.00823652752798454
s20_mean15,0.006476246919151934
s13_slope15,0.006213460180464331
s13_std15,0.005780485021120232
s14_slope15,0.005660781197937352
s12_mean15,0.005609881617134197
s7_mean15,0.0052559534771725635
s9,0.005041969161423584
s7_std15,0.0050070795532074115
