model,lead_time,N,cost_per_cycle,failures,failure_rate,avg_wasted_cycles
LSTM (04번),0,5,87.17,11,0.55,2.7777777777777777
LSTM (04번),0,10,25.88,0,0.0,7.15
LSTM (04번),0,15,26.8,0,0.0,13.5
LSTM (04번),0,20,27.98,0,0.0,21.05
LSTM (04번),0,25,29.01,0,0.0,27.15
LSTM (04번),0,30,30.08,0,0.0,33.0
LSTM (04번),0,35,30.89,0,0.0,37.2
LSTM (04번),0,40,31.71,0,0.0,41.25
LSTM (04번),0,45,32.45,0,0.0,44.7
LSTM (04번),0,50,34.71,0,0.0,54.3
LSTM (04번),0,55,39.47,0,0.0,71.0
LSTM (04번),0,60,47.71,0,0.0,92.0
LSTM (04번),0,65,57.8,0,0.0,109.55
LSTM (04번),0,70,71.75,0,0.0,125.7
LSTM (04번),0,75,89.64,0,0.0,139.05
LSTM (04번),0,80,106.9,0,0.0,147.7
LSTM (04번),5,5,137.07,20,1.0,0.0
LSTM (04번),5,10,59.31,6,0.3,3.4285714285714284
LSTM (04번),5,15,26.07,0,0.0,8.5
LSTM (04번),5,20,27.19,0,0.0,16.05
LSTM (04번),5,25,28.16,0,0.0,22.15
LSTM (04번),5,30,29.16,0,0.0,28.0
LSTM (04번),5,35,29.93,0,0.0,32.2
LSTM (04번),5,40,30.7,0,0.0,36.25
LSTM (04번),5,45,31.39,0,0.0,39.7
LSTM (04번),5,50,33.5,0,0.0,49.3
LSTM (04번),5,55,37.91,0,0.0,66.0
LSTM (04번),5,60,45.45,0,0.0,87.0
LSTM (04번),5,65,54.51,0,0.0,104.55
LSTM (04번),5,70,66.76,0,0.0,120.7
LSTM (04번),5,75,81.98,0,0.0,134.05
LSTM (04번),5,80,96.19,0,0.0,142.7
LSTM (04번),10,5,137.07,20,1.0,0.0
LSTM (04번),10,10,126.02,18,0.9,2.5
LSTM (04번),10,15,48.28,4,0.2,4.625
LSTM (04번),10,20,26.44,0,0.0,11.05
LSTM (04번),10,25,27.36,0,0.0,17.15
LSTM (04번),10,30,28.3,0,0.0,23.0
LSTM (04번),10,35,29.02,0,0.0,27.2
LSTM (04번),10,40,29.75,0,0.0,31.25
LSTM (04번),10,45,30.4,0,0.0,34.7
LSTM (04번),10,50,32.37,0,0.0,44.3
LSTM (04번),10,55,36.47,0,0.0,61.0
LSTM (04번),10,60,43.4,0,0.0,82.0
LSTM (04번),10,65,51.59,0,0.0,99.55
LSTM (04번),10,70,62.42,0,0.0,115.7
LSTM (04번),10,75,75.53,0,0.0,129.05
LSTM (04번),10,80,87.43,0,0.0,137.7
LSTM (04번),15,5,137.07,20,1.0,0.0
LSTM (04번),15,10,137.07,20,1.0,0.0
LSTM (04번),15,15,115.09,16,0.8,3.75
LSTM (04번),15,20,43.19,3,0.15,7.588235294117647
LSTM (04번),15,25,26.6,0,0.0,12.15
LSTM (04번),15,30,27.49,0,0.0,18.0
LSTM (04번),15,35,28.17,0,0.0,22.2
LSTM (04번),15,40,28.85,0,0.0,26.25
LSTM (04번),15,45,29.47,0,0.0,29.7
LSTM (04번),15,50,31.31,0,0.0,39.3
LSTM (04번),15,55,35.14,0,0.0,56.0
LSTM (04번),15,60,41.52,0,0.0,77.0
LSTM (04번),15,65,48.95,0,0.0,94.55
LSTM (04번),15,70,58.61,0,0.0,110.7
LSTM (04번),15,75,70.02,0,0.0,124.05
LSTM (04번),15,80,80.13,0,0.0,132.7
LSTM (04번),20,5,137.07,20,1.0,0.0
LSTM (04번),20,10,137.07,20,1.0,0.0
LSTM (04번),20,15,137.07,20,1.0,0.0
LSTM (04번),20,20,88.04,11,0.55,7.0
LSTM (04번),20,25,43.4,3,0.15,8.647058823529411
LSTM (04번),20,30,26.73,0,0.0,13.0
LSTM (04번),20,35,27.37,0,0.0,17.2
LSTM (04번),20,40,28.01,0,0.0,21.25
LSTM (04번),20,45,28.59,0,0.0,24.7
LSTM (04번),20,50,30.32,0,0.0,34.3
LSTM (04번),20,55,33.9,0,0.0,51.0
LSTM (04번),20,60,39.8,0,0.0,72.0
LSTM (04번),20,65,46.58,0,0.0,89.55
LSTM (04번),20,70,55.24,0,0.0,105.7
LSTM (04번),20,75,65.26,0,0.0,119.05
LSTM (04번),20,80,73.96,0,0.0,127.7
LSTM (04번),30,5,137.07,20,1.0,0.0
LSTM (04번),30,10,137.07,20,1.0,0.0
LSTM (04번),30,15,137.07,20,1.0,0.0
LSTM (04번),30,20,126.12,18,0.9,4.0
LSTM (04번),30,25,104.05,14,0.7,3.8333333333333335
LSTM (04번),30,30,71.34,8,0.4,7.0
LSTM (04번),30,35,31.75,1,0.05,7.7894736842105265
LSTM (04번),30,40,26.47,0,0.0,11.25
LSTM (04번),30,45,26.98,0,0.0,14.7
LSTM (04번),30,50,28.52,0,0.0,24.3
LSTM (04번),30,55,31.66,0,0.0,41.0
LSTM (04번),30,60,36.75,0,0.0,62.0
LSTM (04번),30,65,42.46,0,0.0,79.55
LSTM (04번),30,70,49.54,0,0.0,95.7
LSTM (04번),30,75,57.45,0,0.0,109.05
LSTM (04번),30,80,64.09,0,0.0,117.7
RandomForest (03번),0,5,42.49,3,0.15,4.0
RandomForest (03번),0,10,26.02,0,0.0,8.15
RandomForest (03번),0,15,26.82,0,0.0,13.65
RandomForest (03번),0,20,27.39,0,0.0,17.35
RandomForest (03번),0,25,28.02,0,0.0,21.3
RandomForest (03번),0,30,28.69,0,0.0,25.3
RandomForest (03번),0,35,29.65,0,0.0,30.7
RandomForest (03번),0,40,30.72,0,0.0,36.35
RandomForest (03번),0,45,31.81,0,0.0,41.7
RandomForest (03번),0,50,32.68,0,0.0,45.7
RandomForest (03번),0,55,33.55,0,0.0,49.55
RandomForest (03번),0,60,34.26,0,0.0,52.5
RandomForest (03번),0,65,34.81,0,0.0,54.7
RandomForest (03번),0,70,35.36,0,0.0,56.85
RandomForest (03번),0,75,36.71,0,0.0,61.85
RandomForest (03번),0,80,39.83,0,0.0,72.1
RandomForest (03번),5,5,114.91,16,0.8,2.25
RandomForest (03번),5,10,42.48,3,0.15,3.9411764705882355
RandomForest (03번),5,15,31.97,1,0.05,9.105263157894736
RandomForest (03번),5,20,26.63,0,0.0,12.35
RandomForest (03번),5,25,27.23,0,0.0,16.3
RandomForest (03번),5,30,27.86,0,0.0,20.3
RandomForest (03번),5,35,28.76,0,0.0,25.7
RandomForest (03번),5,40,29.77,0,0.0,31.35
RandomForest (03번),5,45,30.79,0,0.0,36.7
RandomForest (03번),5,50,31.6,0,0.0,40.7
RandomForest (03번),5,55,32.42,0,0.0,44.55
RandomForest (03번),5,60,33.08,0,0.0,47.5
RandomForest (03번),5,65,33.59,0,0.0,49.7
RandomForest (03번),5,70,34.1,0,0.0,51.85
RandomForest (03번),5,75,35.36,0,0.0,56.85
RandomForest (03번),5,80,38.25,0,0.0,67.1
RandomForest (03번),10,5,137.07,20,1.0,0.0
RandomForest (03번),10,10,114.88,16,0.8,2.0
RandomForest (03번),10,15,48.36,4,0.2,5.0
RandomForest (03번),10,20,31.77,1,0.05,7.894736842105263
RandomForest (03번),10,25,26.48,0,0.0,11.3
RandomForest (03번),10,30,27.07,0,0.0,15.3
RandomForest (03번),10,35,27.92,0,0.0,20.7
RandomForest (03번),10,40,28.87,0,0.0,26.35
RandomForest (03번),10,45,29.83,0,0.0,31.7
RandomForest (03번),10,50,30.59,0,0.0,35.7
RandomForest (03번),10,55,31.36,0,0.0,39.55
RandomForest (03번),10,60,31.98,0,0.0,42.5
RandomForest (03번),10,65,32.45,0,0.0,44.7
RandomForest (03번),10,70,32.93,0,0.0,46.85
RandomForest (03번),10,75,34.1,0,0.0,51.85
RandomForest (03번),10,80,36.78,0,0.0,62.1
RandomForest (03번),15,5,137.07,20,1.0,0.0
RandomForest (03번),15,10,137.07,20,1.0,0.0
RandomForest (03번),15,15,98.38,13,0.65,3.142857142857143
RandomForest (03번),15,20,65.29,7,0.35,5.076923076923077
RandomForest (03번),15,25,49.01,4,0.2,8.125
RandomForest (03번),15,30,44.12,3,0.15,12.176470588235293
RandomForest (03번),15,35,27.13,0,0.0,15.7
RandomForest (03번),15,40,28.03,0,0.0,21.35
RandomForest (03번),15,45,28.93,0,0.0,26.7
RandomForest (03번),15,50,29.65,0,0.0,30.7
RandomForest (03번),15,55,30.37,0,0.0,34.55
RandomForest (03번),15,60,30.95,0,0.0,37.5
RandomForest (03번),15,65,31.39,0,0.0,39.7
RandomForest (03번),15,70,31.84,0,0.0,41.85
RandomForest (03번),15,75,32.93,0,0.0,46.85
RandomForest (03번),15,80,35.42,0,0.0,57.1
RandomForest (03번),20,5,137.07,20,1.0,0.0
RandomForest (03번),20,10,137.07,20,1.0,0.0
RandomForest (03번),20,15,137.07,20,1.0,0.0
RandomForest (03번),20,20,109.57,15,0.75,3.8
RandomForest (03번),20,25,70.89,8,0.4,5.0
RandomForest (03번),20,30,54.75,5,0.25,8.4
RandomForest (03번),20,35,50.22,4,0.2,13.75
RandomForest (03번),20,40,39.5,2,0.1,18.22222222222222
RandomForest (03번),20,45,40.73,2,0.1,24.11111111111111
RandomForest (03번),20,50,28.76,0,0.0,25.7
RandomForest (03번),20,55,29.44,0,0.0,29.55
RandomForest (03번),20,60,29.98,0,0.0,32.5
RandomForest (03번),20,65,30.4,0,0.0,34.7
RandomForest (03번),20,70,30.82,0,0.0,36.85
RandomForest (03번),20,75,31.84,0,0.0,41.85
RandomForest (03번),20,80,34.16,0,0.0,52.1
RandomForest (03번),30,5,137.07,20,1.0,0.0
RandomForest (03번),30,10,137.07,20,1.0,0.0
RandomForest (03번),30,15,137.07,20,1.0,0.0
RandomForest (03번),30,20,137.07,20,1.0,0.0
RandomForest (03번),30,25,137.07,20,1.0,0.0
RandomForest (03번),30,30,103.91,14,0.7,3.0
RandomForest (03번),30,35,71.09,8,0.4,5.916666666666667
RandomForest (03번),30,40,55.28,5,0.25,10.8
RandomForest (03번),30,45,50.84,4,0.2,16.5
RandomForest (03번),30,50,51.79,4,0.2,20.625
RandomForest (03번),30,55,46.65,3,0.15,23.823529411764707
RandomForest (03번),30,60,47.34,3,0.15,26.764705882352942
RandomForest (03번),30,65,28.59,0,0.0,24.7
RandomForest (03번),30,70,28.96,0,0.0,26.85
RandomForest (03번),30,75,29.86,0,0.0,31.85
RandomForest (03번),30,80,31.89,0,0.0,42.1
베이스라인 (02번),0,5,101.07,13,0.65,17.714285714285715
베이스라인 (02번),0,10,96.23,12,0.6,20.125
베이스라인 (02번),0,15,85.67,10,0.5,21.0
베이스라인 (02번),0,20,75.04,8,0.4,22.5
베이스라인 (02번),0,25,76.32,8,0.4,27.5
베이스라인 (02번),0,30,77.64,8,0.4,32.5
베이스라인 (02번),0,35,66.49,6,0.3,32.785714285714285
베이스라인 (02번),0,40,61.43,5,0.25,35.4
베이스라인 (02번),0,45,62.85,5,0.25,40.4
베이스라인 (02번),0,50,57.61,4,0.2,42.875
베이스라인 (02번),0,55,45.17,2,0.1,42.77777777777778
베이스라인 (02번),0,60,39.37,1,0.05,45.526315789473685
베이스라인 (02번),0,65,40.66,1,0.05,50.526315789473685
베이스라인 (02번),0,70,42.05,1,0.05,55.526315789473685
베이스라인 (02번),0,75,35.56,0,0.0,57.6
베이스라인 (02번),0,80,36.92,0,0.0,62.6
베이스라인 (02번),5,5,105.96,14,0.7,15.333333333333334
베이스라인 (02번),5,10,101.07,13,0.65,17.714285714285715
베이스라인 (02번),5,15,96.23,12,0.6,20.125
베이스라인 (02번),5,20,85.67,10,0.5,21.0
베이스라인 (02번),5,25,75.04,8,0.4,22.5
베이스라인 (02번),5,30,76.32,8,0.4,27.5
베이스라인 (02번),5,35,77.64,8,0.4,32.5
베이스라인 (02번),5,40,66.49,6,0.3,32.785714285714285
베이스라인 (02번),5,45,61.43,5,0.25,35.4
베이스라인 (02번),5,50,62.85,5,0.25,40.4
베이스라인 (02번),5,55,57.61,4,0.2,42.875
베이스라인 (02번),5,60,45.17,2,0.1,42.77777777777778
베이스라인 (02번),5,65,39.37,1,0.05,45.526315789473685
베이스라인 (02번),5,70,40.66,1,0.05,50.526315789473685
베이스라인 (02번),5,75,42.05,1,0.05,55.526315789473685
베이스라인 (02번),5,80,35.56,0,0.0,57.6
베이스라인 (02번),10,5,128.15,18,0.9,34.5
베이스라인 (02번),10,10,105.96,14,0.7,15.333333333333334
베이스라인 (02번),10,15,101.07,13,0.65,17.714285714285715
베이스라인 (02번),10,20,96.23,12,0.6,20.125
베이스라인 (02번),10,25,85.67,10,0.5,21.0
베이스라인 (02번),10,30,75.04,8,0.4,22.5
베이스라인 (02번),10,35,76.32,8,0.4,27.5
베이스라인 (02번),10,40,77.64,8,0.4,32.5
베이스라인 (02번),10,45,66.49,6,0.3,32.785714285714285
베이스라인 (02번),10,50,61.43,5,0.25,35.4
베이스라인 (02번),10,55,62.85,5,0.25,40.4
베이스라인 (02번),10,60,57.61,4,0.2,42.875
베이스라인 (02번),10,65,45.17,2,0.1,42.77777777777778
베이스라인 (02번),10,70,39.37,1,0.05,45.526315789473685
베이스라인 (02번),10,75,40.66,1,0.05,50.526315789473685
베이스라인 (02번),10,80,42.05,1,0.05,55.526315789473685
베이스라인 (02번),15,5,127.81,18,0.9,29.5
베이스라인 (02번),15,10,128.15,18,0.9,34.5
베이스라인 (02번),15,15,105.96,14,0.7,15.333333333333334
베이스라인 (02번),15,20,101.07,13,0.65,17.714285714285715
베이스라인 (02번),15,25,96.23,12,0.6,20.125
베이스라인 (02번),15,30,85.67,10,0.5,21.0
베이스라인 (02번),15,35,75.04,8,0.4,22.5
베이스라인 (02번),15,40,76.32,8,0.4,27.5
베이스라인 (02번),15,45,77.64,8,0.4,32.5
베이스라인 (02번),15,50,66.49,6,0.3,32.785714285714285
베이스라인 (02번),15,55,61.43,5,0.25,35.4
베이스라인 (02번),15,60,62.85,5,0.25,40.4
베이스라인 (02번),15,65,57.61,4,0.2,42.875
베이스라인 (02번),15,70,45.17,2,0.1,42.77777777777778
베이스라인 (02번),15,75,39.37,1,0.05,45.526315789473685
베이스라인 (02번),15,80,40.66,1,0.05,50.526315789473685
베이스라인 (02번),20,5,127.48,18,0.9,24.5
베이스라인 (02번),20,10,127.81,18,0.9,29.5
베이스라인 (02번),20,15,128.15,18,0.9,34.5
베이스라인 (02번),20,20,105.96,14,0.7,15.333333333333334
베이스라인 (02번),20,25,101.07,13,0.65,17.714285714285715
베이스라인 (02번),20,30,96.23,12,0.6,20.125
베이스라인 (02번),20,35,85.67,10,0.5,21.0
베이스라인 (02번),20,40,75.04,8,0.4,22.5
베이스라인 (02번),20,45,76.32,8,0.4,27.5
베이스라인 (02번),20,50,77.64,8,0.4,32.5
베이스라인 (02번),20,55,66.49,6,0.3,32.785714285714285
베이스라인 (02번),20,60,61.43,5,0.25,35.4
베이스라인 (02번),20,65,62.85,5,0.25,40.4
베이스라인 (02번),20,70,57.61,4,0.2,42.875
베이스라인 (02번),20,75,45.17,2,0.1,42.77777777777778
베이스라인 (02번),20,80,39.37,1,0.05,45.526315789473685
베이스라인 (02번),30,5,132.63,19,0.95,34.0
베이스라인 (02번),30,10,132.81,19,0.95,39.0
베이스라인 (02번),30,15,127.48,18,0.9,24.5
베이스라인 (02번),30,20,127.81,18,0.9,29.5
베이스라인 (02번),30,25,128.15,18,0.9,34.5
베이스라인 (02번),30,30,105.96,14,0.7,15.333333333333334
베이스라인 (02번),30,35,101.07,13,0.65,17.714285714285715
베이스라인 (02번),30,40,96.23,12,0.6,20.125
베이스라인 (02번),30,45,85.67,10,0.5,21.0
베이스라인 (02번),30,50,75.04,8,0.4,22.5
베이스라인 (02번),30,55,76.32,8,0.4,27.5
베이스라인 (02번),30,60,77.64,8,0.4,32.5
베이스라인 (02번),30,65,66.49,6,0.3,32.785714285714285
베이스라인 (02번),30,70,61.43,5,0.25,35.4
베이스라인 (02번),30,75,62.85,5,0.25,40.4
베이스라인 (02번),30,80,57.61,4,0.2,42.875
